scenario,condition,metric,n,mean,sd,ci95_lo,ci95_hi
s2_contention,pluto,ok,1,1.0,0.0,1.0,1.0
s2_contention,pluto,wall_s,1,314.106,0.0,314.106,314.106
s2_contention,pluto,task_span_s,1,276.061,0.0,276.061,276.061
s2_contention,pluto,total_tokens,1,3071260.0,0.0,3071260.0,3071260.0
s2_contention,pluto,output_tokens,1,14221.0,0.0,14221.0,14221.0
s2_contention,pluto,cost_usd,1,0.9259,0.0,0.9259,0.9259
s2_contention,pluto,coordination_calls,1,103.0,0.0,103.0,103.0
s2_contention,pluto,lost_updates,1,0.0,0.0,0.0,0.0
s2_contention,pluto,timed_out,1,0.0,0.0,0.0,0.0
s3_fencing,pluto,ok,1,1.0,0.0,1.0,1.0
s3_fencing,pluto,wall_s,1,223.291,0.0,223.291,223.291
s3_fencing,pluto,task_span_s,1,155.174,0.0,155.174,155.174
s3_fencing,pluto,total_tokens,1,1441365.0,0.0,1441365.0,1441365.0
s3_fencing,pluto,output_tokens,1,8943.0,0.0,8943.0,8943.0
s3_fencing,pluto,cost_usd,1,0.4896,0.0,0.4896,0.4896
s3_fencing,pluto,coordination_calls,1,54.0,0.0,54.0,54.0
s3_fencing,pluto,corrupted,1,0.0,0.0,0.0,0.0
s3_fencing,pluto,exercised,1,1.0,0.0,1.0,1.0
s3_fencing,pluto,stale_rejected,1,1.0,0.0,1.0,1.0
s3_fencing,pluto,timed_out,1,0.0,0.0,0.0,0.0
